{"cameraMode":{"drawMode":0,"name":"Shaded","section":"Shading Mode"},"sceneLighting":true,"audioPlay":false,"sceneViewState":{"m_AlwaysRefresh":false,"showFog":true,"showSkybox":true,"showFlares":true,"showImageEffects":true,"showParticleSystems":true,"showVisualEffectGraphs":true,"m_FxEnabled":true},"in2DMode":false,"pivot":{"x":-0.11535778641700745,"y":2.4942543506622316,"z":-0.5602177977561951},"rotation":{"x":-0.3182954788208008,"y":-0.01992015168070793,"z":0.0067034694366157059,"w":-0.9477835893630981},"size":0.8927461504936218,"orthographic":false}