{"cameraMode":{"drawMode":0,"name":"Shaded","section":"Shading Mode"},"sceneLighting":true,"audioPlay":false,"sceneViewState":{"m_AlwaysRefresh":false,"showFog":true,"showSkybox":true,"showFlares":true,"showImageEffects":true,"showParticleSystems":true,"showVisualEffectGraphs":true,"m_FxEnabled":true},"in2DMode":false,"pivot":{"x":-2.5371997356414797,"y":3.9436521530151369,"z":-3.3340749740600588},"rotation":{"x":-0.19281715154647828,"y":-0.09667226672172547,"z":0.019099440425634385,"w":-0.9762473106384277},"size":2.168818950653076,"orthographic":false}