{"cameraMode":{"drawMode":0,"name":"Shaded","section":"Shading Mode"},"sceneLighting":true,"audioPlay":false,"sceneViewState":{"m_AlwaysRefresh":false,"showFog":true,"showSkybox":true,"showFlares":true,"showImageEffects":true,"showParticleSystems":true,"showVisualEffectGraphs":true,"m_FxEnabled":true},"in2DMode":false,"pivot":{"x":-0.7305215001106262,"y":0.8708764910697937,"z":-2.0897936820983888},"rotation":{"x":0.10145337134599686,"y":0.34321337938308718,"z":-0.037309736013412479,"w":0.9330001473426819},"size":2.2808098793029787,"orthographic":false}